Domain,Status,Attractiveness,Demand,Length,Sectors,Created,Expires,Registrar
brief.pictures,available,124,19%,5,"Business,Education,General,Law",,,
second.pictures,available,120,23%,6,"General,Mathematics",,,
wizard.pictures,available,118,42%,6,"Entertainment,Media,Technology",,,
tenth.pictures,available,116,7%,5,Mathematics,,,
equal.pictures,available,116,19%,5,"Education,General,Law",,,
flat.pictures,available,116,23%,4,"Construction,Real Estate",,,
tonic.pictures,available,114,22%,5,"Health and Fitness,Medicine,Science",,,
acute.pictures,available,112,9%,5,"Mathematics,Medicine,Science",,,
hotshot.pictures,available,112,14%,7,"Business,Entertainment,Sports",,,
abstract.pictures,expiring,108,29%,8,"Arts,Humanities,Science",20/08/2014 03:50,20/08/2025 03:50,"GoDaddy.com, LLC"
abiding.pictures,available,106,5%,7,"General,Religion",,,
expert.pictures,resell,104,26%,6,"Business,Education,Technology",31/08/2024 10:20,31/08/2026 10:20,"NameSilo, LLC"
absent.pictures,available,102,8%,6,"Business,Education,Technology",,,
extra.pictures,available,102,26%,5,"Fashion,Retail,Technology",,,
captive.pictures,available,102,14%,7,"Entertainment,Hospitality,Technology",,,
eight.pictures,available,102,23%,5,"General,Mathematics",,,
ninth.pictures,available,100,9%,5,Mathematics,,,
crack.pictures,available,100,20%,5,Sports,,,
adjunct.pictures,available,100,5%,7,Education,,,
eighth.pictures,available,100,6%,6,Mathematics,,,
whiz.pictures,available,100,12%,4,"Business,Education,Technology",,,
third.pictures,available,100,15%,5,Mathematics,,,
abrupt.pictures,available,100,3%,6,"Medicine,Science",,,
sixth.pictures,available,100,8%,5,Mathematics,,,
whizz.pictures,available,98,11%,5,"Business,Education,Technology",,,
academic.pictures,available,96,20%,8,"Education,Humanities,Science",,,
forgiving.pictures,available,96,3%,9,"Healthcare,Religion",,,
alamode.pictures,available,96,12%,9,Fashion,,,
actual.pictures,available,96,22%,6,"Real Estate,Retail,Technology",,,
doable.pictures,available,96,9%,6,"Business,Education,Technology",,,
abject.pictures,available,94,7%,6,Humanities,,,
virtuoso.pictures,expiring,94,16%,8,"Arts,Entertainment",23/08/2022 15:21,23/08/2025 15:21,Gandi SAS
around.pictures,available,94,22%,6,"Business,General,Media,Technology",,,
adequate.pictures,available,94,9%,8,"Education,Healthcare,Technology",,,
derelict.pictures,available,92,7%,8,"Construction,Real Estate",,,
nought.pictures,available,92,4%,6,Mathematics,,,
abroad.pictures,available,92,12%,6,"Hospitality,Travel",,,
adjective.pictures,available,92,5%,9,Education,,,
exemplary.pictures,available,92,5%,9,"Business,Education,Healthcare",,,
next.pictures,available,92,43%,4,"Retail,Technology,Transportation",,,
neutral.pictures,available,92,20%,7,"Business,Media,Politics",,,
twentieth.pictures,available,92,3%,9,Mathematics,,,
adept.pictures,available,92,24%,5,"Education,Health and Fitness,Sports",,,
adoring.pictures,available,90,2%,7,"Entertainment,Fashion,Retail",,,
endearing.pictures,available,90,1%,9,"Entertainment,Fashion,Retail",,,
addictive.pictures,available,90,9%,9,Healthcare,,,
gripping.pictures,available,90,3%,8,"Entertainment,Media,Technology",,,
abortive.pictures,available,90,1%,8,"Medicine,Science",,,
leash.pictures,available,90,7%,5,"General,Health and Fitness,Retail",,,
additional.pictures,available,90,8%,10,"Fashion,Retail,Technology",,,
riveting.pictures,available,90,6%,8,"Entertainment,Media,Technology",,,
wide.pictures,available,88,18%,4,"Business,Media,Technology",,,
actionable.pictures,available,88,13%,10,"Business,Law",,,
fifteen.pictures,available,88,13%,7,Mathematics,,,
three.pictures,available,88,23%,5,Mathematics,,,
sixteen.pictures,available,88,10%,7,Mathematics,,,
hundred.pictures,available,88,13%,7,Mathematics,,,
proficient.pictures,available,88,8%,10,"Education,Health and Fitness,Sports",,,
activist.pictures,available,88,12%,8,"Humanities,Politics",,,
ace.pictures,available,88,34%,3,Sports,,,
twelve.pictures,available,88,18%,6,"General,Mathematics",,,
adlib.pictures,available,88,7%,6,Entertainment,,,
xiv.pictures,available,86,12%,3,Mathematics,,,
cipher.pictures,available,86,29%,6,Mathematics,,,
adolescent.pictures,available,86,3%,10,"Education,Entertainment,Healthcare",,,
recondite.pictures,available,86,4%,9,"Arts,Humanities,Science",,,
intent.pictures,available,86,25%,6,"Business,Education,Technology",,,
aboriginal.pictures,available,86,10%,10,Humanities,,,
engrossing.pictures,available,86,0%,10,"Entertainment,Media,Technology",,,
xix.pictures,available,86,10%,3,Mathematics,,,
attendant.pictures,available,86,5%,9,"Healthcare,Hospitality,Transportation",,,
extempore.pictures,available,86,3%,9,Entertainment,,,
seventeen.pictures,available,84,7%,9,Mathematics,,,
grand.pictures,available,84,25%,5,"Finance,General",,,
adjustable.pictures,available,84,3%,10,"Manufacturing,Retail,Technology",,,
fourteen.pictures,expired,84,8%,8,Mathematics,07/07/2023 11:43,07/07/2025 11:43,"NameCheap, Inc."
deviate.pictures,available,84,12%,7,"Medicine,Science",,,
nineteen.pictures,available,84,8%,8,Mathematics,,,
acting.pictures,available,84,12%,6,Entertainment,,,
thirteen.pictures,available,84,10%,8,Mathematics,,,
twentytwo.pictures,available,84,10%,10,Mathematics,,,
sharp.pictures,expiring,84,34%,5,"Arts,Fashion",04/09/2021 18:28,04/09/2025 18:28,"NameCheap, Inc."
accessory.pictures,available,84,8%,9,"Fashion,Retail,Technology",,,
twentyone.pictures,available,84,13%,10,Mathematics,,,
abdominal.pictures,available,82,1%,9,"Health and Fitness,Medicine",,,
dozen.pictures,available,82,10%,5,Mathematics,,,
cleansing.pictures,available,82,3%,9,Health and Fitness,,,
altered.pictures,available,82,9%,7,"Medicine,Science",,,
fivesome.pictures,available,82,1%,8,Sports,,,
enduring.pictures,available,82,9%,8,"Health and Fitness,Religion",,,
absorbent.pictures,available,82,3%,9,"Healthcare,Manufacturing,Retail",,,
abroach.pictures,available,82,1%,7,Food and Beverage,,,
abkhaz.pictures,available,82,1%,6,Geography,,,
decade.pictures,available,82,10%,6,Mathematics,,,
abenaki.pictures,available,82,2%,7,Geography,,,
impromptu.pictures,available,82,16%,9,Entertainment,,,
sequent.pictures,available,80,7%,7,"Healthcare,Insurance,Transportation",,,
trio.pictures,available,80,21%,4,Entertainment,,,
seventh.pictures,available,80,10%,7,Mathematics,,,
forty.pictures,available,80,9%,5,Mathematics,,,
abundant.pictures,available,80,19%,8,"Agriculture,Manufacturing,Retail",,,
wiz.pictures,available,80,30%,3,"Business,Education,Technology",,,
absolute.pictures,available,80,25%,8,"Engineering,Mathematics,Science",,,
adoptable.pictures,available,80,3%,9,"Education,Healthcare",,,
dorsal.pictures,available,80,6%,6,"Medicine,Science",,,
twenty.pictures,available,80,12%,6,Mathematics,,,
absorbable.pictures,available,80,0%,10,"Healthcare,Pharmaceuticals,Science",,,
nine.pictures,expiring,80,24%,4,"General,Mathematics",23/08/2022 10:00,23/08/2025 10:00,IONOS SE
worshipful.pictures,available,80,1%,10,"Education,Healthcare,Religion",,,
first.pictures,resell,80,34%,5,"General,Mathematics",10/10/2016 19:00,10/10/2025 19:00,"Sav.com, LLC"
yard.pictures,available,80,25%,4,"Construction,General",,,
capable.pictures,available,80,12%,7,"Business,Education,Technology",,,
able.pictures,available,80,29%,4,"Business,Education,General,Technology",,,
absurd.pictures,available,80,16%,6,"Arts,Entertainment,Media",,,
abkhasian.pictures,available,78,1%,9,Geography,,,
abounding.pictures,available,78,2%,9,Agriculture,,,
recognised.pictures,available,78,3%,10,"Business,Education,Technology",,,
sixtynine.pictures,available,78,8%,10,Mathematics,,,
accurate.pictures,available,78,16%,8,"Engineering,Mathematics,Science",,,
adrenal.pictures,available,78,4%,7,"Education,Healthcare,Science",,,
adjacent.pictures,available,78,9%,8,"Construction,Real Estate,Retail",,,
athletic.pictures,available,78,15%,8,"Health and Fitness,Sports",,,
accepted.pictures,available,78,6%,8,"Business,Education,Technology",,,
acceptable.pictures,available,78,5%,10,"Business,Hospitality,Retail",,,
low.pictures,available,78,20%,3,"Business,Finance",,,
recognized.pictures,available,78,3%,10,"Business,Education,Technology",,,
twentysix.pictures,available,78,8%,10,Mathematics,,,
abkhazian.pictures,available,78,1%,9,Geography,,,
honestly.pictures,available,78,9%,8,"Business,Law",,,
absorptive.pictures,available,78,1%,10,"Healthcare,Manufacturing,Retail",,,
accessible.pictures,available,78,21%,10,"Healthcare,Retail,Technology",,,
dormant.pictures,available,78,4%,7,"Medicine,Science",,,
acceptant.pictures,available,78,1%,9,"Education,Healthcare",,,
adorable.pictures,available,78,8%,8,"Entertainment,Fashion,Retail",,,
resultant.pictures,available,76,2%,9,"Healthcare,Insurance,Transportation",,,
thousandth.pictures,available,76,1%,10,Mathematics,,,
thirteenth.pictures,available,76,3%,10,Mathematics,,,
fourteenth.pictures,available,76,2%,10,Mathematics,,,
firstrate.pictures,available,76,6%,10,Business,,,
abrasive.pictures,available,76,6%,8,"Construction,Manufacturing",,,
threed.pictures,available,76,7%,7,Technology,,,
ventral.pictures,available,76,3%,7,Science,,,
nineteenth.pictures,available,76,3%,10,Mathematics,,,
ague.pictures,available,76,2%,4,"Geography,Medicine,Science",,,
hundredth.pictures,available,76,1%,9,Mathematics,,,
adhesive.pictures,available,76,7%,8,"Construction,Manufacturing,Technology",,,
incidental.pictures,available,76,4%,10,"Healthcare,Insurance,Transportation",,,
ancillary.pictures,available,76,6%,9,"Healthcare,Manufacturing,Technology",,,
fifteenth.pictures,available,76,2%,9,Mathematics,,,
eighteen.pictures,available,76,7%,8,Mathematics,,,
adipose.pictures,available,76,2%,7,"Healthcare,Science",,,
energizing.pictures,available,76,3%,10,"Food and Beverage,Health and Fitness,Travel",,,
obscene.pictures,available,76,5%,7,"Entertainment,Media",,,
improvise.pictures,available,76,4%,9,Entertainment,,,
adaptable.pictures,available,76,9%,9,"Business,Education,Technology",,,
auxiliary.pictures,available,76,7%,9,"Healthcare,Manufacturing,Technology",,,
addable.pictures,available,76,2%,7,"Engineering,Mathematics,Science",,,
adherent.pictures,available,76,4%,8,"Politics,Religion",,,
mavin.pictures,available,74,7%,5,"Entertainment,Fashion,Technology",,,
adamant.pictures,available,74,14%,7,Religion,,,
sensation.pictures,available,74,7%,9,"Entertainment,Media,Sports",,,
skilful.pictures,available,74,3%,7,"Education,Health and Fitness,Sports",,,
abnormal.pictures,available,74,16%,8,"Medicine,Science",,,
activated.pictures,available,74,9%,9,"Healthcare,Manufacturing,Technology",,,
admirable.pictures,available,74,5%,9,"Business,Education,Healthcare",,,
adapted.pictures,available,74,6%,7,"Healthcare,Manufacturing,Technology",,,
broad.pictures,available,74,13%,5,"Entertainment,General,Media",,,
aberrant.pictures,available,74,6%,8,"Medicine,Science",,,
cleared.pictures,available,74,7%,7,"Healthcare,Law,Transportation",,,
playing.pictures,available,74,12%,7,Entertainment,,,
adenoid.pictures,available,74,1%,7,"Health and Fitness,Medicine,Science",,,
achievable.pictures,available,74,4%,10,"Business,Education,Technology",,,
supra.pictures,available,74,25%,5,"Medicine,Science",,,
single.pictures,available,74,19%,6,Sports,,,
realizable.pictures,available,74,1%,10,"Business,Education,Technology",,,
adrenergic.pictures,available,74,1%,10,"Education,Healthcare,Science",,,
manageable.pictures,available,74,4%,10,"Business,Education,Technology",,,
accepting.pictures,available,74,3%,9,"Education,Healthcare",,,
acuate.pictures,available,74,2%,6,"Engineering,Medicine,Science",,,
existent.pictures,available,72,3%,8,"Mathematics,Science",,,
ternary.pictures,available,72,7%,7,Mathematics,,,
liv.pictures,available,72,28%,3,Mathematics,,,
abreast.pictures,available,72,2%,7,"Business,Technology",,,
adaptative.pictures,available,72,1%,10,"Business,Education,Technology",,,
engrossed.pictures,available,72,1%,9,"Entertainment,Media,Technology",,,
adjectival.pictures,available,72,1%,10,Education,,,
absolutist.pictures,available,72,1%,10,"Humanities,Law,Politics",,,
trey.pictures,available,72,13%,4,Sports,,,
accustomed.pictures,available,72,1%,10,"Business,Education,Humanities",,,
aching.pictures,available,72,4%,6,Healthcare,,,
seventieth.pictures,available,72,1%,10,Mathematics,,,
improvize.pictures,available,72,1%,9,Entertainment,,,
ninetieth.pictures,available,72,1%,9,Mathematics,,,
eightieth.pictures,available,72,1%,9,Mathematics,,,
abloom.pictures,available,72,5%,6,Agriculture,,,
trinity.pictures,available,72,18%,7,Religion,,,
accusative.pictures,available,72,0%,10,"Humanities,Law",,,
addicted.pictures,available,72,9%,8,Healthcare,,,
adonic.pictures,available,72,2%,6,"Arts,Education,Entertainment",,,
champion.pictures,expiring,72,28%,8,"Entertainment,Health and Fitness,Sports",28/08/2021 07:16,28/08/2025 07:16,united-domains GmbH
absorbed.pictures,available,72,2%,8,"Entertainment,Media,Technology",,,
sixtieth.pictures,available,72,1%,8,Mathematics,,,
adjunctive.pictures,available,72,1%,10,"Healthcare,Manufacturing,Technology",,,
ablaze.pictures,available,72,6%,6,Entertainment,,,
adiabatic.pictures,available,72,3%,9,"Engineering,Science",,,
abradant.pictures,available,70,1%,8,"Construction,Manufacturing",,,
offhand.pictures,available,70,2%,7,Entertainment,,,
practiced.pictures,available,70,3%,9,"Education,Health and Fitness,Sports",,,
tiptop.pictures,available,70,24%,6,Fashion,,,
lowdown.pictures,available,70,6%,8,"Entertainment,Media",,,
admired.pictures,available,70,5%,7,"Business,Education,Healthcare",,,
unity.pictures,resell,70,38%,5,Mathematics,13/08/2024 04:56,13/08/2026 04:56,"Sav.com, LLC"
consequent.pictures,available,70,3%,10,"Business,Education,General,Technology",,,
abulic.pictures,available,70,1%,6,Medicine,,,
adored.pictures,available,70,6%,6,"Entertainment,Fashion,Retail",,,
gymnastic.pictures,available,70,3%,9,"Entertainment,Sports",,,
accumbent.pictures,available,70,1%,9,"Healthcare,Medicine,Science",,,
miserable.pictures,available,70,4%,9,Humanities,,,
acuminate.pictures,available,70,1%,9,"Engineering,Medicine,Science",,,
stillborn.pictures,available,70,2%,9,"Medicine,Science",,,
adamantine.pictures,available,70,4%,10,Religion,,,
recumbent.pictures,available,70,2%,9,"Healthcare,Medicine,Science",,,
skillful.pictures,available,70,9%,8,"Education,Health and Fitness,Sports",,,
adjusted.pictures,available,70,5%,8,"Manufacturing,Retail,Technology",,,
absorbing.pictures,available,70,3%,9,"Entertainment,Media,Technology",,,
stygian.pictures,available,68,5%,7,Humanities,,,
aroused.pictures,available,68,3%,7,"Entertainment,Health and Fitness",,,
achaean.pictures,available,68,2%,7,Humanities,,,
abnaki.pictures,available,68,1%,6,Geography,,,
ablative.pictures,available,68,3%,8,Science,,,
accredited.pictures,available,68,9%,10,"Business,Education,Healthcare",,,
thirtieth.pictures,available,68,1%,9,Mathematics,,,
acerate.pictures,available,68,1%,7,Science,,,
activating.pictures,available,68,3%,10,"Healthcare,Manufacturing,Technology",,,
aberdonian.pictures,available,68,1%,10,Geography,,,
fortieth.pictures,available,68,1%,8,Mathematics,,,
septenary.pictures,available,68,2%,9,Mathematics,,,
foursome.pictures,available,68,4%,8,Sports,,,
licensed.pictures,available,68,5%,8,"Business,Healthcare,Insurance",,,
achaian.pictures,available,68,2%,7,Humanities,,,
licenced.pictures,available,68,2%,8,"Business,Healthcare,Insurance",,,
scurvy.pictures,available,68,3%,6,Humanities,,,
octonary.pictures,available,68,1%,8,Mathematics,,,
ennead.pictures,available,68,5%,6,Mathematics,,,
vindicated.pictures,available,68,2%,10,"Humanities,Law,Politics",,,
abducent.pictures,available,68,0%,8,Medicine,,,
overseas.pictures,available,68,12%,8,"Hospitality,Travel",,,
sevener.pictures,available,68,1%,7,Mathematics,,,
decorated.pictures,available,68,3%,9,"Entertainment,Fashion,Retail",,,
ane.pictures,available,68,12%,3,Mathematics,,,
threesome.pictures,available,68,5%,9,Entertainment,,,
abkhas.pictures,available,68,0%,6,Geography,,,
fiftieth.pictures,available,68,1%,8,Mathematics,,,
aculeate.pictures,available,68,1%,8,"Engineering,Medicine,Science",,,
modish.pictures,available,66,5%,6,Fashion,,,
xvii.pictures,available,66,5%,4,Mathematics,,,
maven.pictures,available,66,30%,5,"Entertainment,Fashion,Technology",,,
xxvi.pictures,available,66,3%,4,Mathematics,,,
exonerated.pictures,available,66,2%,10,"Humanities,Law,Politics",,,
clv.pictures,available,66,10%,3,Mathematics,,,
acervate.pictures,available,66,1%,8,Science,,,
deuce.pictures,available,66,8%,5,Sports,,,
buzzing.pictures,available,66,7%,7,"Entertainment,Media,Technology",,,
acappella.pictures,available,66,6%,10,Entertainment,,,
latest.pictures,available,66,18%,6,Technology,,,
abstinent.pictures,available,66,1%,9,"Health and Fitness,Religion",,,
xii.pictures,available,66,10%,3,Mathematics,,,
performing.pictures,available,66,6%,10,Entertainment,,,
sextet.pictures,available,66,2%,6,Entertainment,,,
xxi.pictures,available,66,10%,3,Mathematics,,,
onec.pictures,available,66,6%,5,Mathematics,,,
fifty.pictures,available,66,13%,5,Mathematics,,,
tenner.pictures,available,66,4%,6,Finance,,,
six.pictures,available,66,26%,3,Mathematics,,,
adopted.pictures,available,66,4%,7,"Education,Healthcare",,,
thirty.pictures,available,66,7%,6,Mathematics,,,
teenager.pictures,available,66,4%,8,"Education,Entertainment,Healthcare",,,
acrobatic.pictures,available,66,4%,9,"Entertainment,Sports",,,
xviii.pictures,available,66,4%,5,Mathematics,,,
xvi.pictures,available,66,4%,3,Mathematics,,,
century.pictures,available,66,17%,7,Education,,,
xxv.pictures,available,66,6%,3,Mathematics,,,
adorned.pictures,available,66,5%,7,"Entertainment,Fashion,Retail",,,
ninety.pictures,available,66,11%,6,Mathematics,,,
xxii.pictures,available,66,6%,4,Mathematics,,,
xiii.pictures,available,66,9%,4,Mathematics,,,
according.pictures,available,66,3%,9,"Business,Education,Technology",,,
accessary.pictures,available,66,1%,9,"Business,Law,Technology",,,
eighty.pictures,available,66,6%,6,Mathematics,,,
adagio.pictures,available,64,14%,6,Entertainment,,,
aflame.pictures,available,64,3%,6,Entertainment,,,
deviant.pictures,available,64,12%,7,"Medicine,Science",,,
rising.pictures,available,64,18%,6,"Construction,Manufacturing,Real Estate",,,
accordant.pictures,available,64,3%,9,"Arts,Entertainment",,,
nondrinker.pictures,available,64,1%,10,"Health and Fitness,Religion",,,
absolved.pictures,available,64,1%,8,"Humanities,Law,Religion",,,
ccc.pictures,available,64,38%,3,Mathematics,,,
astringent.pictures,available,64,1%,10,"Healthcare,Pharmaceuticals",,,
acentric.pictures,available,64,2%,8,Science,,,
scatty.pictures,available,64,1%,6,"Arts,Entertainment,Media",,,
chiliad.pictures,available,62,2%,7,Mathematics,,,
ensuant.pictures,available,62,1%,7,"Healthcare,Insurance,Transportation",,,
eleventh.pictures,available,62,5%,8,Mathematics,,,
admissible.pictures,available,62,1%,10,"Education,Healthcare,Law",,,
aufait.pictures,available,62,3%,7,"Fashion,Media",,,
activation.pictures,available,62,16%,10,"Healthcare,Manufacturing,Technology",,,
aborigine.pictures,available,62,1%,9,Humanities,,,
pungent.pictures,available,62,1%,7,Food and Beverage,,,
sixteenth.pictures,available,62,1%,9,Mathematics,,,
playacting.pictures,available,62,1%,10,Entertainment,,,
cumulative.pictures,available,62,2%,10,"Banking,Finance,Insurance",,,
adjuvant.pictures,available,62,5%,8,"Healthcare,Manufacturing,Technology",,,
quartet.pictures,available,62,7%,7,"Arts,Entertainment",,,
longdozen.pictures,available,62,1%,10,Mathematics,,,
eighteenth.pictures,available,62,1%,10,Mathematics,,,
roughly.pictures,available,62,3%,7,"Business,Media,Technology",,,
twodozen.pictures,available,62,1%,9,Mathematics,,,
accusing.pictures,available,62,1%,8,Law,,,
fortyfour.pictures,available,62,6%,10,Mathematics,,,
adoptive.pictures,available,62,1%,8,"Education,Healthcare",,,
exculpated.pictures,available,62,1%,10,"Humanities,Law,Politics",,,
troika.pictures,available,62,8%,6,Politics,,,
activistic.pictures,available,62,1%,10,"Humanities,Politics",,,
acidic.pictures,available,62,5%,6,"Food and Beverage,Science",,,
orso.pictures,available,62,9%,5,"Business,Media,Technology",,,
accrued.pictures,available,62,2%,7,"Banking,Finance,Insurance",,,
abo.pictures,available,62,15%,3,Science,,,
wrapped.pictures,available,62,13%,7,"Fashion,Hospitality,Retail",,,
abstainer.pictures,available,60,0%,9,"Health and Fitness,Religion",,,
cxxxv.pictures,available,60,1%,5,Mathematics,,,
cxxv.pictures,available,60,1%,4,Mathematics,,,
clxxv.pictures,available,60,1%,5,Mathematics,,,
sixty.pictures,available,60,13%,5,Mathematics,,,
clx.pictures,available,60,8%,3,Mathematics,,,
xcl.pictures,available,60,5%,3,Mathematics,,,
cxlv.pictures,available,60,2%,4,Mathematics,,,
clxv.pictures,available,60,1%,4,Mathematics,,,
cxl.pictures,available,60,7%,3,Mathematics,,,
adnexal.pictures,available,60,1%,7,"Agriculture,Manufacturing,Retail",,,
adnate.pictures,available,60,1%,6,"Agriculture,Manufacturing,Retail",,,
idolized.pictures,available,60,3%,8,"Entertainment,Fashion,Retail",,,
abstemious.pictures,available,60,0%,10,"Food and Beverage,Health and Fitness,Hospitality",,,
paunchy.pictures,available,60,0%,7,"Health and Fitness,Medicine",,,
acceptive.pictures,available,60,1%,9,"Education,Healthcare",,,
aboveboard.pictures,available,60,5%,10,"Business,Law",,,
thou.pictures,available,60,7%,4,Mathematics,,,
clxx.pictures,available,60,2%,4,Mathematics,,,
annexal.pictures,available,60,1%,7,"Agriculture,Manufacturing,Retail",,,
cautionary.pictures,available,60,1%,10,"Business,Education,Healthcare",,,
cxv.pictures,available,60,4%,3,Mathematics,,,
octet.pictures,available,60,12%,5,Arts,,,
tertiary.pictures,available,60,4%,8,Education,,,
clxxx.pictures,available,60,1%,5,Mathematics,,,
cxx.pictures,available,60,9%,3,Mathematics,,,
idolised.pictures,available,60,1%,8,"Entertainment,Fashion,Retail",,,
abashed.pictures,available,60,1%,7,Humanities,,,
eightysix.pictures,available,60,7%,10,Mathematics,,,
cxxx.pictures,available,60,3%,4,Mathematics,,,
tercet.pictures,available,59,2%,6,"Arts,Entertainment,Media",,,
sixtyone.pictures,available,58,5%,9,Mathematics,,,
accoutred.pictures,available,58,1%,9,"Fashion,Manufacturing,Retail",,,
fourscore.pictures,available,58,4%,9,Mathematics,,,
abridged.pictures,available,58,4%,8,Media,,,
lxxx.pictures,available,58,2%,4,Mathematics,,,
alacarte.pictures,available,58,11%,10,Food and Beverage,,,
tetrad.pictures,available,58,5%,6,Mathematics,,,
justabout.pictures,available,58,3%,10,"Business,Media,Technology",,,
seventy.pictures,available,58,7%,7,Mathematics,,,
fourth.pictures,available,58,13%,6,Mathematics,,,
abuzz.pictures,available,58,5%,5,"Entertainment,Media,Technology",,,
sextuplet.pictures,available,58,1%,9,Healthcare,,,
adient.pictures,available,58,4%,6,"Medicine,Science",,,
acyclic.pictures,available,58,4%,7,"Engineering,Mathematics,Science",,,
addible.pictures,available,58,2%,7,"Engineering,Mathematics,Science",,,
abused.pictures,available,58,5%,6,"Healthcare,Law",,,
niner.pictures,available,58,5%,5,Mathematics,,,
heptad.pictures,available,58,2%,6,Mathematics,,,
twelfth.pictures,available,58,2%,7,Mathematics,,,
offhanded.pictures,available,58,1%,9,Entertainment,,,
abandoned.pictures,available,58,10%,9,"Construction,Real Estate",,,
eighter.pictures,available,58,2%,7,Mathematics,,,
adhoc.pictures,available,58,24%,6,"Business,Engineering,Technology",,,
enwrapped.pictures,available,58,0%,9,"Entertainment,Fashion,Media",,,
acetic.pictures,available,58,1%,6,"Food and Beverage,Science",,,
lxxviii.pictures,available,58,1%,7,Mathematics,,,
closeto.pictures,available,58,3%,8,"Business,Media,Technology",,,
sixer.pictures,available,58,5%,5,Sports,,,
actuarial.pictures,available,58,8%,9,"Finance,Insurance,Mathematics",,,
cypher.pictures,available,58,28%,6,Mathematics,,,
octad.pictures,available,58,5%,5,Mathematics,,,
ache.pictures,available,58,7%,4,Healthcare,,,
addressed.pictures,available,58,3%,9,"Business,Technology,Telecommunications",,,
aucourant.pictures,available,58,3%,10,"Fashion,Media",,,
hexad.pictures,available,58,5%,5,Mathematics,,,
fifth.pictures,available,58,12%,5,Mathematics,,,
accented.pictures,available,58,3%,8,"Arts,Entertainment",,,
centesimal.pictures,available,58,1%,10,Mathematics,,,
pentad.pictures,available,58,3%,6,Mathematics,,,
accretive.pictures,available,58,6%,9,"Banking,Finance,Insurance",,,
adjustive.pictures,available,58,1%,9,"Manufacturing,Retail,Technology",,,
linear.pictures,available,58,22%,6,"Engineering,Mathematics,Science",,,
xxxviii.pictures,available,56,1%,7,Mathematics,,,
xxxiv.pictures,available,56,1%,5,Mathematics,,,
abeyant.pictures,available,56,1%,7,"Business,Law",,,
lvi.pictures,available,56,8%,3,Mathematics,,,
xxiv.pictures,available,56,5%,4,Mathematics,,,
xlii.pictures,available,56,5%,4,Mathematics,,,
fiftynine.pictures,available,56,4%,10,Mathematics,,,
triad.pictures,available,56,15%,5,Arts,,,
fortysix.pictures,available,56,4%,9,Mathematics,,,
admittable.pictures,available,56,1%,10,"Education,Healthcare,Hospitality",,,
thirtyone.pictures,available,56,4%,10,Mathematics,,,
fiftytwo.pictures,available,56,6%,9,Mathematics,,,
xxvii.pictures,available,56,3%,5,Mathematics,,,
xxix.pictures,available,56,4%,4,Mathematics,,,
lii.pictures,available,56,7%,3,Mathematics,,,
liii.pictures,available,56,4%,4,Mathematics,,,
accoutered.pictures,available,56,0%,10,"Fashion,Manufacturing,Retail",,,
xxxv.pictures,available,56,4%,4,Mathematics,,,
xliii.pictures,available,56,1%,5,Mathematics,,,
xliv.pictures,available,56,3%,4,Mathematics,,,
abdominous.pictures,available,56,0%,10,"Health and Fitness,Medicine",,,
xxviii.pictures,available,56,1%,6,Mathematics,,,
xlv.pictures,available,56,6%,3,Mathematics,,,
admissive.pictures,available,56,1%,9,"Education,Healthcare,Hospitality",,,
fiftyfive.pictures,available,56,8%,10,Mathematics,,,
lviii.pictures,available,56,1%,5,Mathematics,,,
thirtytwo.pictures,available,56,4%,10,Mathematics,,,
appressed.pictures,available,56,0%,9,"Agriculture,Manufacturing,Retail",,,
xlvii.pictures,available,56,2%,5,Mathematics,,,
thirtysix.pictures,available,56,5%,10,Mathematics,,,
fortytwo.pictures,available,56,17%,9,Mathematics,,,
xli.pictures,available,56,5%,3,Mathematics,,,
fiftyone.pictures,available,56,8%,9,Mathematics,,,
xxxvii.pictures,available,56,2%,6,Mathematics,,,
ilx.pictures,available,56,6%,3,Mathematics,,,
maledict.pictures,available,56,1%,8,Religion,,,
xxiii.pictures,available,56,4%,5,Mathematics,,,
halfdozen.pictures,available,56,1%,10,Mathematics,,,
potbellied.pictures,available,56,0%,10,"Health and Fitness,Medicine",,,
xlvi.pictures,available,56,3%,4,Mathematics,,,
xlviii.pictures,available,56,1%,6,Mathematics,,,
fiftysix.pictures,available,56,4%,9,Mathematics,,,
admittible.pictures,available,56,1%,10,"Education,Healthcare,Hospitality",,,
aone.pictures,available,56,15%,5,Food and Beverage,,,
xxxii.pictures,available,56,1%,5,Mathematics,,,
fortyone.pictures,available,56,5%,9,Mathematics,,,
addled.pictures,available,56,2%,6,Entertainment,,,
fiftyfour.pictures,available,56,4%,10,Mathematics,,,
xxxi.pictures,available,56,8%,4,Mathematics,,,
lvii.pictures,available,56,2%,4,Mathematics,,,
xxxiii.pictures,available,56,2%,6,Mathematics,,,
fortynine.pictures,available,56,3%,10,Mathematics,,,
terzetto.pictures,available,56,3%,8,Arts,,,
xxxvi.pictures,available,56,1%,5,Mathematics,,,
abatic.pictures,available,54,1%,6,Science,,,
unnatural.pictures,available,54,4%,9,"Medicine,Science",,,
adducting.pictures,available,54,1%,9,"Engineering,Mathematics,Science",,,
fortyfive.pictures,available,54,5%,10,Mathematics,,,
actuated.pictures,available,54,2%,8,"Automotive,Manufacturing,Technology",,,
scratchy.pictures,available,54,3%,8,Fashion,,,
fin.pictures,available,54,30%,3,Finance,,,
abient.pictures,available,54,1%,6,Science,,,
deserted.pictures,available,54,3%,8,"Hospitality,Real Estate",,,
adpressed.pictures,available,54,0%,9,"Agriculture,Manufacturing,Retail",,,
monitory.pictures,available,54,3%,8,"Business,Education,Healthcare",,,
ternion.pictures,available,54,3%,7,Mathematics,,,
topnotch.pictures,available,54,18%,8,Business,,,
abhorrent.pictures,available,54,1%,9,Humanities,,,
adductive.pictures,available,54,0%,9,"Engineering,Mathematics,Science",,,
adducent.pictures,available,54,1%,8,"Engineering,Mathematics,Science",,,
admonitory.pictures,available,54,0%,10,"Business,Education,Healthcare",,,
twoscore.pictures,available,54,2%,8,Mathematics,,,
quaternity.pictures,available,54,4%,10,Mathematics,,,
sise.pictures,available,54,5%,4,Mathematics,,,
abatable.pictures,available,54,1%,8,Law,,,
adjuratory.pictures,available,54,0%,10,"Law,Politics,Religion",,,
quadruplet.pictures,available,54,1%,10,"Healthcare,Medicine,Science",,,
achy.pictures,available,54,3%,4,Healthcare,,,
quaternion.pictures,available,54,6%,10,Mathematics,,,
acoustical.pictures,available,54,4%,10,Science,,,
abasic.pictures,available,54,1%,6,Science,,,
abducens.pictures,available,54,1%,8,Medicine,,,
aboral.pictures,available,54,2%,6,Science,,,
adaxial.pictures,available,54,2%,7,Science,,,
threescore.pictures,available,54,2%,10,Mathematics,,,
abaxial.pictures,available,54,1%,7,Science,,,
quatern.pictures,available,54,2%,7,Mathematics,,,
accentual.pictures,available,54,3%,9,"Arts,Entertainment",,,
achromatic.pictures,available,54,4%,10,Science,,,
quintuplet.pictures,available,54,1%,10,"Healthcare,Medicine,Science",,,
accursed.pictures,available,54,3%,8,"Entertainment,Media,Religion",,,
deuceace.pictures,available,54,1%,9,Sports,,,
viii.pictures,available,54,6%,4,Mathematics,,,
xxx.pictures,expiring,53,30%,3,"Arts,Entertainment,Media",13/09/2015 16:00,13/09/2025 16:00,1API GmbH
septet.pictures,available,53,1%,6,General,,,
sestet.pictures,available,53,1%,6,Arts,,,
lxiv.pictures,available,52,3%,4,Mathematics,,,
lxi.pictures,available,52,5%,3,Mathematics,,,
abominable.pictures,available,52,2%,10,"Entertainment,Humanities",,,
odious.pictures,available,52,2%,6,"Entertainment,Humanities",,,
sixtytwo.pictures,available,52,3%,9,Mathematics,,,
sixtysix.pictures,available,52,5%,9,Mathematics,,,
lxxxi.pictures,available,52,1%,5,Mathematics,,,
lxxii.pictures,available,52,1%,5,Mathematics,,,
detestable.pictures,available,52,1%,10,Humanities,,,
lxxvii.pictures,available,52,2%,6,Mathematics,,,
chagrined.pictures,available,52,1%,9,Humanities,,,
adenoidal.pictures,available,52,1%,9,"Health and Fitness,Medicine,Science",,,
ninetysix.pictures,available,52,4%,10,Mathematics,,,
lxvi.pictures,available,52,3%,4,Mathematics,,,
abusive.pictures,available,52,3%,7,"Healthcare,Law",,,
ixc.pictures,available,52,5%,3,Mathematics,,,
uphill.pictures,available,52,7%,6,"Sports,Transportation,Travel",,,
xci.pictures,available,52,4%,3,Mathematics,,,
sixtyfour.pictures,available,52,4%,10,Mathematics,,,
ixl.pictures,available,52,9%,3,Mathematics,,,
xcii.pictures,available,52,2%,4,Mathematics,,,
aboulic.pictures,available,52,1%,7,Medicine,,,
xciv.pictures,available,52,2%,4,Mathematics,,,
lxxxv.pictures,available,52,1%,5,Mathematics,,,
lxviii.pictures,available,52,2%,6,Mathematics,,,
abysmal.pictures,available,52,4%,7,"Arts,Entertainment,Media",,,
ablated.pictures,available,52,1%,7,Science,,,
tierce.pictures,available,52,3%,6,General,,,
abstruse.pictures,available,52,5%,8,"Humanities,Mathematics,Science",,,
lxxi.pictures,available,52,2%,4,Mathematics,,,
littlejoe.pictures,available,52,2%,10,"Entertainment,Media",,,
lxii.pictures,available,52,2%,4,Mathematics,,,
sixtyfive.pictures,available,52,3%,10,Mathematics,,,
lxxv.pictures,available,52,2%,4,Mathematics,,,
decumbent.pictures,available,52,1%,9,"Healthcare,Medicine,Science",,,
lxvii.pictures,available,52,1%,5,Mathematics,,,
xcvi.pictures,available,52,2%,4,Mathematics,,,
repugnant.pictures,available,52,1%,9,Humanities,,,
lxxxvii.pictures,available,52,1%,7,Mathematics,,,
lxxxiii.pictures,available,52,1%,7,Mathematics,,,
lxxiii.pictures,available,52,2%,6,Mathematics,,,
lxxvi.pictures,available,52,1%,5,Mathematics,,,
lxxiv.pictures,available,52,1%,5,Mathematics,,,
xciii.pictures,available,52,1%,5,Mathematics,,,
lxiii.pictures,available,52,2%,5,Mathematics,,,
eightytwo.pictures,available,52,4%,10,Mathematics,,,
eightyone.pictures,available,52,3%,10,Mathematics,,,
ninetytwo.pictures,available,52,4%,10,Mathematics,,,
xcvii.pictures,available,52,1%,5,Mathematics,,,
lxv.pictures,available,52,5%,3,Mathematics,,,
xcv.pictures,available,52,7%,3,Mathematics,,,
lxxxvi.pictures,available,52,1%,6,Mathematics,,,
xcviii.pictures,available,52,1%,6,Mathematics,,,
repulsive.pictures,available,52,1%,9,Humanities,,,
lxxxii.pictures,available,52,1%,6,Mathematics,,,
ninetyone.pictures,available,52,5%,10,Mathematics,,,
lxxxiv.pictures,available,52,1%,6,Mathematics,,,
adactylous.pictures,available,50,0%,10,Science,,,
scummy.pictures,available,50,1%,6,Humanities,,,
quint.pictures,available,50,13%,5,"Arts,Entertainment",,,
acellular.pictures,available,50,1%,9,Science,,,
aculeated.pictures,available,50,0%,9,"Engineering,Medicine,Science",,,
abomasal.pictures,available,50,0%,8,Agriculture,,,
adhominem.pictures,available,50,2%,10,"Humanities,Law,Politics",,,
abbatial.pictures,available,50,0%,8,Religion,,,
abducting.pictures,available,50,0%,9,Medicine,,,
aborticide.pictures,available,50,0%,10,Medicine,,,
acaudal.pictures,available,50,1%,7,"Agriculture,Science",,,
acapnic.pictures,available,50,0%,7,"Healthcare,Medicine,Science",,,
acetose.pictures,available,50,1%,7,Science,,,
cinque.pictures,available,50,7%,6,Mathematics,,,
needlelike.pictures,available,50,0%,10,"Engineering,Medicine,Science",,,
triplet.pictures,available,50,8%,7,Science,,,
trine.pictures,available,50,11%,5,"General,Religion",,,
spinous.pictures,available,50,1%,7,"Agriculture,Science",,,
vinegary.pictures,available,50,1%,8,Food and Beverage,,,
acerose.pictures,available,50,1%,7,Science,,,
acapnotic.pictures,available,50,0%,9,"Healthcare,Medicine,Science",,,
broached.pictures,available,50,0%,8,Food and Beverage,,,
acquitted.pictures,available,50,1%,9,Law,,,
abactinal.pictures,available,50,0%,9,Science,,,
acetous.pictures,available,50,1%,7,Science,,,
acerb.pictures,available,50,2%,5,Science,,,
ogdoad.pictures,available,50,1%,6,Mathematics,,,
gillless.pictures,available,50,0%,9,Science,,,
abdicable.pictures,available,50,0%,9,Law,,,
abranchial.pictures,available,50,0%,10,Science,,,
lxx.pictures,available,50,5%,3,Mathematics,,,
acerbic.pictures,available,50,2%,7,"Arts,Humanities,Media",,,
notguilty.pictures,available,48,5%,10,Law,,,
abstracted.pictures,available,48,5%,10,"Arts,Humanities,Science",,,
ilxxx.pictures,available,48,1%,5,Mathematics,,,
lxxxviii.pictures,available,48,1%,8,Mathematics,,,
apriori.pictures,available,48,13%,8,Mathematics,,,
execrable.pictures,available,48,0%,9,"Entertainment,Humanities",,,
abyssal.pictures,available,48,12%,7,"Arts,Entertainment,Media",,,
ilxx.pictures,available,48,1%,4,Mathematics,,,
acetylic.pictures,available,46,1%,8,Science,,,
acetabular.pictures,available,46,1%,10,Science,,,
acetonic.pictures,available,46,1%,8,Science,,,
acheronian.pictures,available,46,1%,10,Humanities,,,
acephalous.pictures,available,46,1%,10,Science,,,
achenial.pictures,available,46,1%,8,Science,,,
acaudate.pictures,available,46,1%,8,"Agriculture,Science",,,
stemless.pictures,available,46,2%,8,"Agriculture,Science",,,
acanthous.pictures,available,46,0%,9,"Agriculture,Science",,,
acarpelous.pictures,available,46,0%,10,"Agriculture,Science",,,
achromous.pictures,available,46,1%,9,Science,,,
theabsurd.pictures,available,46,1%,10,"Arts,Entertainment,Media",,,
acanthotic.pictures,available,46,0%,10,"Agriculture,Science",,,
cotyloid.pictures,available,46,1%,8,Science,,,
stripling.pictures,available,46,2%,9,"Education,Entertainment,Healthcare",,,
acarpous.pictures,available,46,0%,8,"Agriculture,Science",,,
acicular.pictures,available,46,2%,8,Science,,,
quaternary.pictures,available,46,3%,10,Mathematics,,,
acetylenic.pictures,available,46,1%,10,Science,,,
acanthoid.pictures,available,46,1%,9,"Agriculture,Science",,,
vinegarish.pictures,available,46,1%,10,Food and Beverage,,,
acapnial.pictures,available,46,0%,8,"Healthcare,Medicine,Science",,,
achromic.pictures,available,46,2%,8,Science,,,
accusatory.pictures,available,44,1%,10,Law,,,
cotyloidal.pictures,available,44,1%,10,Science,,,
acherontic.pictures,available,44,1%,10,Humanities,,,
abscessed.pictures,available,41,0%,9,Healthcare,,,
accusive.pictures,available,40,1%,8,Law,,,
accurst.pictures,available,40,1%,7,Religion,,,
scurrilous.pictures,available,40,1%,10,"Entertainment,Media,Politics",,,